
{
  "id" : 289,
  "startLat" : 37.4165197,
  "startLon" : 122.0939422,
  "endLat" : 37.4117685,
  "endLon" : 122.085033,
  "passengerId": "55",
  "driverId": "455"

}
